[
    {
        "name":"Prakash Saran",
        "email":"axis8013@gmail.com",
        "contact":"9828595726",
        "location":"jaipur, Rajsthan, India",
        "type":"landlord",
        "status":"publish"
    },
    {
        "name":"Shyam Pareek",
        "email":"ssp4pareek@gmail.com",
        "contact":"9828595727",
        "location":"jaipur, Rajsthan, India",
        "type":"tenant",
        "status":"publish"
    },
    {
        "name":"Dhanpat Saran",
        "email":"dp@axiswebart.com",
        "contact":"9828595728",
        "location":"jaipur, Rajsthan, India",
        "type":"lessee",
        "status":"publish"
    }
    
]